--
-- PostgreSQL database dump
--

-- Dumped from database version 12.17 (Ubuntu 12.17-1.pgdg22.04+1)
-- Dumped by pg_dump version 12.17 (Ubuntu 12.17-1.pgdg22.04+1)

SET statement_timeout = 0;
SET lock_timeout = 0;
SET idle_in_transaction_session_timeout = 0;
SET client_encoding = 'UTF8';
SET standard_conforming_strings = on;
SELECT pg_catalog.set_config('search_path', '', false);
SET check_function_bodies = false;
SET xmloption = content;
SET client_min_messages = warning;
SET row_security = off;

DROP DATABASE universe;
--
-- Name: universe; Type: DATABASE; Schema: -; Owner: freecodecamp
--

CREATE DATABASE universe WITH TEMPLATE = template0 ENCODING = 'UTF8' LC_COLLATE = 'C.UTF-8' LC_CTYPE = 'C.UTF-8';


ALTER DATABASE universe OWNER TO freecodecamp;

\connect universe

SET statement_timeout = 0;
SET lock_timeout = 0;
SET idle_in_transaction_session_timeout = 0;
SET client_encoding = 'UTF8';
SET standard_conforming_strings = on;
SELECT pg_catalog.set_config('search_path', '', false);
SET check_function_bodies = false;
SET xmloption = content;
SET client_min_messages = warning;
SET row_security = off;

SET default_tablespace = '';

SET default_table_access_method = heap;

--
-- Name: astronaut; Type: TABLE; Schema: public; Owner: freecodecamp
--

CREATE TABLE public.astronaut (
    astronaut_id integer NOT NULL,
    name character varying(100) NOT NULL,
    age integer NOT NULL,
    mission text NOT NULL,
    is_active boolean NOT NULL
);


ALTER TABLE public.astronaut OWNER TO freecodecamp;

--
-- Name: astronaut_astronaut_id_seq; Type: SEQUENCE; Schema: public; Owner: freecodecamp
--

CREATE SEQUENCE public.astronaut_astronaut_id_seq
    AS integer
    START WITH 1
    INCREMENT BY 1
    NO MINVALUE
    NO MAXVALUE
    CACHE 1;


ALTER TABLE public.astronaut_astronaut_id_seq OWNER TO freecodecamp;

--
-- Name: astronaut_astronaut_id_seq; Type: SEQUENCE OWNED BY; Schema: public; Owner: freecodecamp
--

ALTER SEQUENCE public.astronaut_astronaut_id_seq OWNED BY public.astronaut.astronaut_id;


--
-- Name: galaxy; Type: TABLE; Schema: public; Owner: freecodecamp
--

CREATE TABLE public.galaxy (
    galaxy_id integer NOT NULL,
    name character varying(100) NOT NULL,
    type text NOT NULL,
    age_in_million_years numeric NOT NULL,
    is_spiral boolean NOT NULL
);


ALTER TABLE public.galaxy OWNER TO freecodecamp;

--
-- Name: galaxy_galaxy_id_seq; Type: SEQUENCE; Schema: public; Owner: freecodecamp
--

CREATE SEQUENCE public.galaxy_galaxy_id_seq
    AS integer
    START WITH 1
    INCREMENT BY 1
    NO MINVALUE
    NO MAXVALUE
    CACHE 1;


ALTER TABLE public.galaxy_galaxy_id_seq OWNER TO freecodecamp;

--
-- Name: galaxy_galaxy_id_seq; Type: SEQUENCE OWNED BY; Schema: public; Owner: freecodecamp
--

ALTER SEQUENCE public.galaxy_galaxy_id_seq OWNED BY public.galaxy.galaxy_id;


--
-- Name: moon; Type: TABLE; Schema: public; Owner: freecodecamp
--

CREATE TABLE public.moon (
    moon_id integer NOT NULL,
    name character varying(100) NOT NULL,
    planet_id integer NOT NULL,
    radius_km integer NOT NULL,
    is_spherical boolean NOT NULL
);


ALTER TABLE public.moon OWNER TO freecodecamp;

--
-- Name: moon_moon_id_seq; Type: SEQUENCE; Schema: public; Owner: freecodecamp
--

CREATE SEQUENCE public.moon_moon_id_seq
    AS integer
    START WITH 1
    INCREMENT BY 1
    NO MINVALUE
    NO MAXVALUE
    CACHE 1;


ALTER TABLE public.moon_moon_id_seq OWNER TO freecodecamp;

--
-- Name: moon_moon_id_seq; Type: SEQUENCE OWNED BY; Schema: public; Owner: freecodecamp
--

ALTER SEQUENCE public.moon_moon_id_seq OWNED BY public.moon.moon_id;


--
-- Name: planet; Type: TABLE; Schema: public; Owner: freecodecamp
--

CREATE TABLE public.planet (
    planet_id integer NOT NULL,
    name character varying(100) NOT NULL,
    star_id integer NOT NULL,
    diameter_km integer NOT NULL,
    has_life boolean NOT NULL
);


ALTER TABLE public.planet OWNER TO freecodecamp;

--
-- Name: planet_planet_id_seq; Type: SEQUENCE; Schema: public; Owner: freecodecamp
--

CREATE SEQUENCE public.planet_planet_id_seq
    AS integer
    START WITH 1
    INCREMENT BY 1
    NO MINVALUE
    NO MAXVALUE
    CACHE 1;


ALTER TABLE public.planet_planet_id_seq OWNER TO freecodecamp;

--
-- Name: planet_planet_id_seq; Type: SEQUENCE OWNED BY; Schema: public; Owner: freecodecamp
--

ALTER SEQUENCE public.planet_planet_id_seq OWNED BY public.planet.planet_id;


--
-- Name: star; Type: TABLE; Schema: public; Owner: freecodecamp
--

CREATE TABLE public.star (
    star_id integer NOT NULL,
    name character varying(100) NOT NULL,
    galaxy_id integer NOT NULL,
    mass integer NOT NULL,
    is_main_sequence boolean NOT NULL
);


ALTER TABLE public.star OWNER TO freecodecamp;

--
-- Name: star_star_id_seq; Type: SEQUENCE; Schema: public; Owner: freecodecamp
--

CREATE SEQUENCE public.star_star_id_seq
    AS integer
    START WITH 1
    INCREMENT BY 1
    NO MINVALUE
    NO MAXVALUE
    CACHE 1;


ALTER TABLE public.star_star_id_seq OWNER TO freecodecamp;

--
-- Name: star_star_id_seq; Type: SEQUENCE OWNED BY; Schema: public; Owner: freecodecamp
--

ALTER SEQUENCE public.star_star_id_seq OWNED BY public.star.star_id;


--
-- Name: astronaut astronaut_id; Type: DEFAULT; Schema: public; Owner: freecodecamp
--

ALTER TABLE ONLY public.astronaut ALTER COLUMN astronaut_id SET DEFAULT nextval('public.astronaut_astronaut_id_seq'::regclass);


--
-- Name: galaxy galaxy_id; Type: DEFAULT; Schema: public; Owner: freecodecamp
--

ALTER TABLE ONLY public.galaxy ALTER COLUMN galaxy_id SET DEFAULT nextval('public.galaxy_galaxy_id_seq'::regclass);


--
-- Name: moon moon_id; Type: DEFAULT; Schema: public; Owner: freecodecamp
--

ALTER TABLE ONLY public.moon ALTER COLUMN moon_id SET DEFAULT nextval('public.moon_moon_id_seq'::regclass);


--
-- Name: planet planet_id; Type: DEFAULT; Schema: public; Owner: freecodecamp
--

ALTER TABLE ONLY public.planet ALTER COLUMN planet_id SET DEFAULT nextval('public.planet_planet_id_seq'::regclass);


--
-- Name: star star_id; Type: DEFAULT; Schema: public; Owner: freecodecamp
--

ALTER TABLE ONLY public.star ALTER COLUMN star_id SET DEFAULT nextval('public.star_star_id_seq'::regclass);


--
-- Data for Name: astronaut; Type: TABLE DATA; Schema: public; Owner: freecodecamp
--

INSERT INTO public.astronaut VALUES (1, 'Neil Armstrong', 82, 'Apollo 11', false);
INSERT INTO public.astronaut VALUES (2, 'Buzz Aldrin', 91, 'Apollo 11', true);
INSERT INTO public.astronaut VALUES (3, 'Chris Hadfield', 64, 'ISS Expedition', false);


--
-- Data for Name: galaxy; Type: TABLE DATA; Schema: public; Owner: freecodecamp
--

INSERT INTO public.galaxy VALUES (1, 'Milky Way', 'Barred Spiral', 13000, true);
INSERT INTO public.galaxy VALUES (2, 'Andromeda', 'Spiral', 10000, true);
INSERT INTO public.galaxy VALUES (3, 'Triangulum', 'Spiral', 4000, true);
INSERT INTO public.galaxy VALUES (4, 'Whirlpool', 'Spiral', 3000, true);
INSERT INTO public.galaxy VALUES (5, 'Sombrero', 'Elliptical', 8000, false);
INSERT INTO public.galaxy VALUES (6, 'Cartwheel', 'Lenticular', 5000, false);


--
-- Data for Name: moon; Type: TABLE DATA; Schema: public; Owner: freecodecamp
--

INSERT INTO public.moon VALUES (1, 'Moon', 1, 1737, true);
INSERT INTO public.moon VALUES (2, 'Phobos', 2, 11, false);
INSERT INTO public.moon VALUES (3, 'Deimos', 2, 6, false);
INSERT INTO public.moon VALUES (4, 'Io', 5, 1821, true);
INSERT INTO public.moon VALUES (5, 'Europa', 5, 1560, true);
INSERT INTO public.moon VALUES (6, 'Ganymede', 5, 2634, true);
INSERT INTO public.moon VALUES (7, 'Callisto', 5, 2410, true);
INSERT INTO public.moon VALUES (8, 'Titan', 6, 2575, true);
INSERT INTO public.moon VALUES (9, 'Enceladus', 6, 252, true);
INSERT INTO public.moon VALUES (10, 'Triton', 7, 1353, true);
INSERT INTO public.moon VALUES (11, 'Miranda', 8, 235, true);
INSERT INTO public.moon VALUES (12, 'Ariel', 8, 578, true);
INSERT INTO public.moon VALUES (13, 'Umbriel', 8, 584, true);
INSERT INTO public.moon VALUES (14, 'Titania', 8, 789, true);
INSERT INTO public.moon VALUES (15, 'Oberon', 8, 761, true);
INSERT INTO public.moon VALUES (16, 'Kepler-442b I', 10, 1200, true);
INSERT INTO public.moon VALUES (17, 'Kepler-442b II', 10, 900, true);
INSERT INTO public.moon VALUES (18, 'HD 209458 b I', 12, 1400, true);
INSERT INTO public.moon VALUES (19, 'HD 209458 b II', 12, 1000, true);
INSERT INTO public.moon VALUES (20, 'HD 209458 b III', 12, 800, true);


--
-- Data for Name: planet; Type: TABLE DATA; Schema: public; Owner: freecodecamp
--

INSERT INTO public.planet VALUES (1, 'Earth', 1, 12742, true);
INSERT INTO public.planet VALUES (2, 'Mars', 1, 6779, false);
INSERT INTO public.planet VALUES (3, 'Venus', 1, 12104, false);
INSERT INTO public.planet VALUES (4, 'Mercury', 1, 4879, false);
INSERT INTO public.planet VALUES (5, 'Jupiter', 1, 139820, false);
INSERT INTO public.planet VALUES (6, 'Saturn', 1, 116460, false);
INSERT INTO public.planet VALUES (7, 'Neptune', 1, 49244, false);
INSERT INTO public.planet VALUES (8, 'Uranus', 1, 50724, false);
INSERT INTO public.planet VALUES (9, 'Proxima b', 3, 6400, false);
INSERT INTO public.planet VALUES (10, 'Kepler-442b', 5, 11500, false);
INSERT INTO public.planet VALUES (11, 'Kepler-22b', 5, 22000, false);
INSERT INTO public.planet VALUES (12, 'HD 209458 b', 6, 15600, false);


--
-- Data for Name: star; Type: TABLE DATA; Schema: public; Owner: freecodecamp
--

INSERT INTO public.star VALUES (1, 'Sun', 1, 1989000, true);
INSERT INTO public.star VALUES (2, 'Sirius', 1, 2200000, true);
INSERT INTO public.star VALUES (3, 'Alpha Centauri A', 1, 1200000, true);
INSERT INTO public.star VALUES (4, 'Betelgeuse', 1, 9000000, false);
INSERT INTO public.star VALUES (5, 'Vega', 2, 2500000, true);
INSERT INTO public.star VALUES (6, 'Rigel', 2, 8500000, false);


--
-- Name: astronaut_astronaut_id_seq; Type: SEQUENCE SET; Schema: public; Owner: freecodecamp
--

SELECT pg_catalog.setval('public.astronaut_astronaut_id_seq', 3, true);


--
-- Name: galaxy_galaxy_id_seq; Type: SEQUENCE SET; Schema: public; Owner: freecodecamp
--

SELECT pg_catalog.setval('public.galaxy_galaxy_id_seq', 6, true);


--
-- Name: moon_moon_id_seq; Type: SEQUENCE SET; Schema: public; Owner: freecodecamp
--

SELECT pg_catalog.setval('public.moon_moon_id_seq', 20, true);


--
-- Name: planet_planet_id_seq; Type: SEQUENCE SET; Schema: public; Owner: freecodecamp
--

SELECT pg_catalog.setval('public.planet_planet_id_seq', 12, true);


--
-- Name: star_star_id_seq; Type: SEQUENCE SET; Schema: public; Owner: freecodecamp
--

SELECT pg_catalog.setval('public.star_star_id_seq', 6, true);


--
-- Name: astronaut astronaut_name_key; Type: CONSTRAINT; Schema: public; Owner: freecodecamp
--

ALTER TABLE ONLY public.astronaut
    ADD CONSTRAINT astronaut_name_key UNIQUE (name);


--
-- Name: astronaut astronaut_pkey; Type: CONSTRAINT; Schema: public; Owner: freecodecamp
--

ALTER TABLE ONLY public.astronaut
    ADD CONSTRAINT astronaut_pkey PRIMARY KEY (astronaut_id);


--
-- Name: galaxy galaxy_name_key; Type: CONSTRAINT; Schema: public; Owner: freecodecamp
--

ALTER TABLE ONLY public.galaxy
    ADD CONSTRAINT galaxy_name_key UNIQUE (name);


--
-- Name: galaxy galaxy_pkey; Type: CONSTRAINT; Schema: public; Owner: freecodecamp
--

ALTER TABLE ONLY public.galaxy
    ADD CONSTRAINT galaxy_pkey PRIMARY KEY (galaxy_id);


--
-- Name: moon moon_name_key; Type: CONSTRAINT; Schema: public; Owner: freecodecamp
--

ALTER TABLE ONLY public.moon
    ADD CONSTRAINT moon_name_key UNIQUE (name);


--
-- Name: moon moon_pkey; Type: CONSTRAINT; Schema: public; Owner: freecodecamp
--

ALTER TABLE ONLY public.moon
    ADD CONSTRAINT moon_pkey PRIMARY KEY (moon_id);


--
-- Name: planet planet_name_key; Type: CONSTRAINT; Schema: public; Owner: freecodecamp
--

ALTER TABLE ONLY public.planet
    ADD CONSTRAINT planet_name_key UNIQUE (name);


--
-- Name: planet planet_pkey; Type: CONSTRAINT; Schema: public; Owner: freecodecamp
--

ALTER TABLE ONLY public.planet
    ADD CONSTRAINT planet_pkey PRIMARY KEY (planet_id);


--
-- Name: star star_name_key; Type: CONSTRAINT; Schema: public; Owner: freecodecamp
--

ALTER TABLE ONLY public.star
    ADD CONSTRAINT star_name_key UNIQUE (name);


--
-- Name: star star_pkey; Type: CONSTRAINT; Schema: public; Owner: freecodecamp
--

ALTER TABLE ONLY public.star
    ADD CONSTRAINT star_pkey PRIMARY KEY (star_id);


--
-- Name: moon moon_planet_id_fkey; Type: FK CONSTRAINT; Schema: public; Owner: freecodecamp
--

ALTER TABLE ONLY public.moon
    ADD CONSTRAINT moon_planet_id_fkey FOREIGN KEY (planet_id) REFERENCES public.planet(planet_id);


--
-- Name: planet planet_star_id_fkey; Type: FK CONSTRAINT; Schema: public; Owner: freecodecamp
--

ALTER TABLE ONLY public.planet
    ADD CONSTRAINT planet_star_id_fkey FOREIGN KEY (star_id) REFERENCES public.star(star_id);


--
-- Name: star star_galaxy_id_fkey; Type: FK CONSTRAINT; Schema: public; Owner: freecodecamp
--

ALTER TABLE ONLY public.star
    ADD CONSTRAINT star_galaxy_id_fkey FOREIGN KEY (galaxy_id) REFERENCES public.galaxy(galaxy_id);


--
-- PostgreSQL database dump complete
--

